,tweets
0,"RT @admediaoffice: In the latest episode of Abu Dhabi Sustainability Week‚Äôs #ADSWTalks interview series, Dr Sultan Al Jaber, Minister of In‚Ä¶"
1,RT @IndiaToday: The trilateral initiative will serve as a forum to expand cooperation between the three countries on projects in the fields‚Ä¶
2,"RT @myDopamineApp: üá¶üá™ üòéDOPAMINE x UAEüòéüá¶üá™

Hey Dopesters! Get ready to participate in our latest country-specific NFT campaign and win our b‚Ä¶"
3,"RT @ipsdxb: Decentralized Finance (DeFi) - A rapidly growing ecosystem of financial applications built on blockchain technology, aimed at c‚Ä¶"
5,"The trilateral initiative will serve as a forum to expand cooperation between the three countries on projects in the fields of defense, energy, climate change and technology, among others.
#India #France #UAE @Geeta_Mohan 
https://t.co/2lXVkviv5q"
6,"In the latest episode of Abu Dhabi Sustainability Week‚Äôs #ADSWTalks interview series, Dr Sultan Al Jaber, Minister of Industry and Advanced Technology and President of #COP28, discuses the UAE‚Äôs commitment to clean energy transition and sustainable development."
7,"RT @ZeroPlagiarism: Chemical Engineering homework 

Chemical Process Technology

Chemical Thermodynamics

Fluid Mechanics

Heat Transfer

L‚Ä¶"
8,"RT @bsindia: India, France and the United Arab Emirates on Saturday unveiled an ambitious roadmap for cooperation in a plethora of areas in‚Ä¶"
10,"India, France and the United Arab Emirates on Saturday unveiled an ambitious roadmap for cooperation in a plethora of areas including defence, energy and technology under a trilateral framework, a move that comes amid the geopolitical turmoil https://t.co/50Mz6aUhBc"
11,"#India, #France and the #UAE on Saturday announced a formal trilateral cooperation initiative in the areas of defence, nuclear energy and technology. https://t.co/jefFYYJxrn"
12,"I post this since a second coming of the Arab contributions to Science and Technology might now be in place given the eagerness of states such as the UAE, Saudi Arabia and Bahrain to access global advances to build further progress. Just my thoughts. 4/5"
13,There is an article about @Owrealty_Dubai on Crunchdubai. A big entrepreneur in real estate. #startup #uae #in5 #bussiness #dubai #wiobank #strategy  #dudaiinternetcity #innovation #technology #glocal #crunchdubai #b2b  #fintech  #UAEB2B #RealEstate https://t.co/fSrYux5eJK https://t.co/hHxVRihUct
14,"UAE can save over Dh11b by adopting blockchain technologies
This technology will help the UAE government in saving costs by eliminating 398 million in printed documents and 77 million work hours per year.
https://t.co/VMzWQrPMs6"
16,"RT @SarahAmiri1: During my participation in the World Economy Forum, Davos, I shared the UAE's unique experiences in the advanced technolog‚Ä¶"
17,"RT @minka400: An CrunchDubai article about https://t.co/So9XJFA48m the startup of the day came out #startup #uae #in5 #bussiness, #dubai #p‚Ä¶"
18,"And off we go for a month of innovation in the UAE! 

National Science, Innovation and Technology Festival 2023.
#UAE_Innovates https://t.co/YFrjvBHrjL"
19,"An CrunchDubai article about https://t.co/So9XJFA48m the startup of the day came out #startup #uae #in5 #bussiness, #dubai #pitchday #strategy  #experience #dudaiinternetcity #innovation #technology #glocal #crunchdubai #b2b  #fintech   #startupfeeling  https://t.co/JvILiEPlhD https://t.co/33CAt72FtN"
20,"RT @HwExpert: Get online Chemical Engineering homework help

Chemical Process Technology

Chemical Thermodynamics

Fluid Mechanics

Heat Tr‚Ä¶"
23,"The Education 2.0 Conference is your opportunity to explore new ideas, collaborate with innovators and share the future of learning and technology with the community.

#Education #networking #Learning #UAE #USA #LasVegas #Dubai #Conference #Education2Conf https://t.co/yl9lYExizy"
24,"RT @PsuWatch: #TrilateralFramework
India, France &amp; UAE unveiled an ambitious roadmap for cooperation in a plethora of areas including defen‚Ä¶"
25,"#TrilateralFramework
India, France &amp; UAE unveiled an ambitious roadmap for cooperation in a plethora of areas including defence, energy &amp; technology under a trilateral framework

https://t.co/AbIIgK5Pp1

@DrSJaishankar @MinColonna"
27,"India, France and UAE unveil roadmap for cooperation of defence, energy and technology

 https://t.co/tCQLVoSmFk"
28,"@HSajwanization I agree..! Emiratis have achieved significant success in the past decade, both economically and socially. UAE has transformed into a hub for trade, tourism, and innovation, driven by investments in infrastructure and technology‚Ä¶."
29,RT @5ireChain: This collaboration is in line with the UAE's strategy to promote innovation and technology in the country and will contribut‚Ä¶
30,"India, France, and the UAE on Saturday unveiled an ambitious roadmap for cooperation in areas of defense, nuclear energy, and technology under a trilateral framework.
#India #UAE #France #Defence #NuclearEnergy https://t.co/hrVh7Ff3A1"
32,"With Moonlight Technology, we want to help people with demands on aesthetics to implement their vision of an inspiring lighting design ‚Äì and thus create a unique atmosphere.

#uae #dubai #moonlight #moonlighttechnology #lightdesign #middleeast #lighting https://t.co/jYBQPhNcA9"
34,"Jouri Hills, the latest phase in the hugely popular Jumeirah Golf Estates mega community.
‚úîÔ∏èFully gated community with 24-hour security
‚úîÔ∏èEvery home has direct access to greenery
‚úîÔ∏èSmart technology for every home
#Dubai  #realestateinvesting #UAE https://t.co/o3MSpCCAYA"
35,@DrSJaishankar @MinColonna @ABZayed Air force of uae will be strong in the future and it'll be part of bharat. That's how we will lower our defense spending. French will provide the technology. Hopefully American companies move to bharat and tech is transferred.
36,"@InvestAbuDhabi will work closely with Ubisoft, Insilico Medicine and @AppliedAICo to develop and commercialise new technology and products in the UAE that benefits the world.‚Äù"
37,"India, France and the UAE unveil ambitious plans for joint cooperation in areas of energy, defense and technology under a trilateral framework following phone talks among their foreign ministers.

https://t.co/1H0c8MYZmW"
38,"RT @ChicagoEssays: Get online Chemical Engineering homework, assignment and exam help with

Chemical Process Technology

Chemical Thermodyn‚Ä¶"
46,"RT @ZeroPlagiarism: Get online Chemical Engineering homework, assignment and exam help with

Chemical Process Technology

Chemical Thermody‚Ä¶"
47,"The Ministry of Industry and Advanced Technology (MoIAT) oversaw the signing of a memorandum of understanding (MoU) at Abu Dhabi Sustainability Week (ADSW), which will lay the groundwork for new plastic recycling facility in the UAE. 

Read more: https://t.co/MW8ChWGrvR https://t.co/AmvWgpR9Jj"
49,"@hizam_elqahtani Saudi Arabia and UAE can be more collaborative and lead the Middle East in the field of technology, data analytics and AI with their wealth and enthusiasm https://t.co/WnaA467hLs"
51,"Decentralized Finance (DeFi) - A rapidly growing ecosystem of financial applications built on blockchain technology, aimed at creating alternative financial systems outside of traditional centralized institutions.

@Epayme_uae @myepayments @pedromo54146893"
53,"Happy World Cancer Day!

#uaetechnician #dubai #uae #technology #repairservices #ITservcies https://t.co/c77jYu5knp"
54,"RT @GulfBusiness: The cyberthreat landscape is becoming more sophisticated as the years pass, and Microsoft will not rest on this issue

@M‚Ä¶"
55,"The cyberthreat landscape is becoming more sophisticated as the years pass, and Microsoft will not rest on this issue

@Microsoft

#microsoft #cyberthreat #powerletters #technology #business 

https://t.co/rV1aLimnj1"
58,"RT @thee_prof1: Get online Chemical Engineering homework, assignment and exam help with

Chemical Process Technology

Chemical Thermodynami‚Ä¶"
61,"Netbook GoNote Mini -Black&amp;White 
#quality #electronic #devices 
#technology #gadgets #affordable 
#products #GoNote #netbook #mini    
#touchscreen #monitor #bestselling 
#dubai #uae #trading #business #dubailife 
@DitCompany https://t.co/Rp3Amiz9CG"
62,"Join us &amp; Meet our experts at the 5th International Conference on Forensic Research and Technology

 on Dec 14-15, 2023  @ Dubai, UAE

https://t.co/d0gbsqlKJT

E: longdom2799@gmail.com

W: +41 1656 458219

#forensic  #research  #conference  #dubai #uae https://t.co/bqNhxH0Wxo"
63,"Premium Sound Portable Mini Bluetooth 
Angle 3 Plus Speaker 30 Hour 6 Inch-Black 
#waterproof #portable #mini #bluetooth 
#soundsgreat #clearsound #bettersound 
#loudest #sounding #speaker #goodquality 
#technology #gadgets #availablenow  
#dubai #uae #business #dubailife https://t.co/Pg72eOzWWF"
67,"Get online Chemical Engineering homework, assignment and exam help with

Chemical Process Technology

Chemical Thermodynamics

Fluid Mechanics

Heat Transfer

Lab Report (CH)

Mass Transfer

Petroleum

Reaction Engineering

Transport Phenomena

#USA #UK #UAE #Kuwait #SaudiArabia"
68,"Get online Chemical Engineering homework, assignment and exam help with

Chemical Process Technology

Chemical Thermodynamics

Fluid Mechanics.

Heat Transfer

Lab Report (CH)

Mass Transfer

Petroleum

Reaction Engineering

Transport Phenomena

#USA #UK #UAE #Kuwait #SaudiArabia"
69,"#call for paper Submit your manuscripts for the February month upcoming issue 2023.
submission link: https://t.co/PfNL81ZUyC
Click the link for more info: https://t.co/YVSBDC3INd
Go grab your chance and submit the manuscript at the earliest.
#Genetic #technology #USA #Russia #UAE"
71,"RT @AmbassadorNaeh: USA, Israel, Bahrain, UAE, all in for Cyber Technology cooperation. #cybertech Tel Aviv 2023: Better together. https://‚Ä¶"
77,"RT @HwExpert: Get online Chemical Engineering homework, assignment and exam help with

Chemical Process Technology

Chemical Thermodynamics‚Ä¶"
78,"OBG is pleased to announce its partnership with the LEAP Riyadh 2023 (@LEAPandInnovate)

For more details, visit: https://t.co/cqbGYWULS4

#leapsaudi #bahrain #saudi #saudiarabia #oman #qatar #kuwait #dubai #uae #techevent #technology https://t.co/y0nrhLM5Ei"
82,"RT @mariammalmheiri: It was my pleasure to meet H.E. Claus Ruhe Madsen, Minister of Economic Affairs Transport, Employment, Technology and‚Ä¶"
84,"Heartiest congratulations and best wishes. When I was working in the UAE, I was fascinated by the visionary planning of H.H. the Ruler of Sharjah. With new generation at helm of education and technology, InshahAllah Sharjah is well placed for greatness. Bless youüå∑‚úçÔ∏è https://t.co/xXPc320Qbd"
87,"RT @FisheriesScien1: #Fishing and #pollution  from fishing are the largest contributors to the decline in ocean health and water quality.
#‚Ä¶"
100,"RT @uaeembassyisb: In conjunction with the launch of UAE‚Äôs Innovation Month 2023, H.E Hamad Obaid Alzaabi the Ambassador of UAE in Islamaba‚Ä¶"
101,"As the UAE prepares to host #COP28, ICBA is committed to continuing its support for the country‚Äôs national and international efforts and initiatives towards sustainable development through science and innovation.

#YearOfSustainability
#COP28UAE 
#UAEforClimate"
107,"The future has arrived! I'm thrilled to see the UAE making history with its first long-duration space mission, which will be powered by @SpaceX. A symbol of the country's dedication to innovation and exploration. @Astro Alneyadi #UAEinSpace #SpaceExploration https://t.co/O1CQI2ZGwD"
108,"RT @DrChoueiri: I‚Äôm excited to be at the 2023 #worldcancerday in UAE. Together, we are closing the gap in cancer care, innovation and acces‚Ä¶"
110,"In conjunction with the launch of UAE‚Äôs Innovation Month 2023, H.E Hamad Obaid Alzaabi the Ambassador of UAE in Islamabad, visits NUST University, and briefed on qualitative and unique scientific centers, and discusses cooperation with universities and innovation centers in UAE https://t.co/4rutmwwiW7"
112,"RT @uaeembassyisb: In conjunction with the launch of UAE‚Äôs Innovation Month 2023, H.E Hamad Obaid Al-Zaabi the Ambassador of UAE in Islamab‚Ä¶"
113,"Check out the üá¶üá™ ‚Äòs forward-looking religious inclusion vision for the Middle East region ‚Äî a path that promotes moderate Islam, empowers women, teaches inclusion, encourages innovation and welcomes global engagement ‚û° https://t.co/cqp3UzvASn"
115,RT @MohamedBinZayed: 2023 is the Year of Sustainability in the UAE. Effective climate action requires a shared vision and collective will.‚Ä¶
116,"RT @UAEembassyCA: H.E. Fahad Saeed Al Raqbani,¬†#UAE¬†Ambassador to¬†#Canada, was hosted by President and CEO Mr. Cameron Love of the Ottawa H‚Ä¶"
117,"#ExpoLive's Latest #Cohort Opens Applications For Climate-Related Solutions Ahead Of The UAE's Hosting Of #COP28

@Expo2020Dubai

LetsTalkCity #Dubai #Business #Innovation #ClimateChange
#UAE #MiddleEast 
https://t.co/9nrdsGnYV5
Via https://t.co/6CTpWBHn9K https://t.co/EZCf7jUx9i"
118,"#ExpoLive's Latest #Cohort Opens Applications For Climate-Related Solutions Ahead Of The UAE's Hosting Of #COP28

@Expo2020Dubai

LetsTalkCity #Dubai #Business #Innovation #ClimateChange
#UAE #MiddleEast 
https://t.co/najpcVeb9E
Via https://t.co/9QOe4v1ZP8 https://t.co/1gSPOmCdiq"
119,"The future is now! üöÄ Excited to see the UAE making history with its first long duration space mission, powered by @SpaceX. A testament to the country's commitment to innovation and exploration. #UAEinSpace #SpaceExploration üá¶üá™üå† @Astro_Alneyadi https://t.co/qQRttA1QBl"
120,"RT @mbrlae: In line with #UAE innovation month, we are hosting various educational and cultural workshops and events to spread knowledge an‚Ä¶"
121,"In conjunction with the launch of UAE‚Äôs Innovation Month 2023, H.E Hamad Obaid Al-Zaabi the Ambassador of UAE in Islamabad, visits NUST University, and briefed on qualitative and unique scientific centers, and discusses cooperation with universities and innovation centers in UAE"
122,"@DrChoueiri @SocietyEmirates @alshamsi2000 @DanaFarber_GU @DanaFarberNews @DanaFarber @BrighamWomens @ASCO @myESMO @sitcancer @jrgralow @CliffordHudis @peters_solange Great to see the progress being made in cancer care, innovation and access! #WorldCancerDay is a great reminder of the importance of working together to #closethecaregap. Thank you @SocietyEmirates and @alshamsi2000 for the invite. #UAE #CancerCare"
123,"#Fujairah_Innovate_Contest 2023 kicks off its journey to celebrate innovators and innovation at UAE Innovate Month, Join us at our journey to #innovation
#fujairah_egovernment #digital_fujairah #ÿßŸÑŸÅÿ¨Ÿäÿ±ÿ© #ÿ≠ŸÉŸàŸÖÿ©_ÿßŸÑŸÅÿ¨Ÿäÿ±ÿ©_ÿßŸÑÿ•ŸÑŸÉÿ™ÿ±ŸàŸÜŸäÿ© #ÿßŸÑŸÅÿ¨Ÿäÿ±ÿ©_ÿßŸÑÿ±ŸÇŸÖŸäÿ© #ÿßŸÑŸÅÿ¨Ÿäÿ±ÿ©_ÿ™ÿ®ÿ™ŸÉÿ± #fujairah_innovate https://t.co/BwlzcvgN5P"
125,"I‚Äôm excited to be at the 2023 #worldcancerday in UAE. Together, we are closing the gap in cancer care, innovation and access! 

Yes, it is possible and indispensable to #closethecaregap 

Thank you @SocietyEmirates and @alshamsi2000 for the invite. https://t.co/fbf7cdYZdl"
126,"RT @MBRinnovation: Innovators across the UAE, showcase your innovations through PITCH @ GOV this February as part of UAE Innovation Month.‚Ä¶"
127,"""The directives of our wise leadership are focused on placing the UAE at the top of the global innovation index.""

- H.E. Dr. Ahmed Belhoul Al Falasi, Chairman of the General Authority of Sports https://t.co/X6cv9GYGXo"
128,"RT @ADGlobalMarket: At #ADSSF2023, CEO H.E. Dr. Maryam Alsuwaidi shared @sca_uae's methods for implementing #sustainable investment strateg‚Ä¶"
129,"Get innovative and reliable software for streaming your business globally. Make your business schedules easy and smooth with our software.

Contact us now.
‚òéÔ∏è 971552237236

#flyksoftuae #businessmanagementsoftware #business #innovation #reliable #streaming #salonbooking #uae https://t.co/J5klLkJiZI"
130,UAE University launches the activities of the Innovation Month 2023 https://t.co/NkzQUmg47I
131,"RT @UAEICP: Have you tried the gamification platform on our website?
Try it now!
https://t.co/f2Bkvzqlhm
_____
#IdentityCitizenshipCustomsA‚Ä¶"
133,"RT @Masdar: Since 2006, #Masdar has been a pioneer in advancing the #CleanEnergy sector and a key enabler of the #UAE‚Äôs vision as a global‚Ä¶"
134,"RT @parametricarch: At the heart of the Sheikh Mohammed bin Rashid Al Maktoum Solar Park, Dewa solar innovation center is an interactive ed‚Ä¶"
139,"RT @krakenfx: As we prepare to launch AED funding, trading and custody in UAE &amp; MENA, Kraken CEO @jespow tells @ADGlobalMarket he's bullish‚Ä¶"
140,"RT @thekryptominers: In a filing with the U.S. Securities and Exchange Commission (SEC), Marathon announced it had partnered with FS Innova‚Ä¶"
141,"In a filing with the U.S. Securities and Exchange Commission (SEC), Marathon announced it had partnered with FS Innovation to form Abu Dhabi Global Markets. Under the new entity, the two companies will set up mining sites in the United Arab Emirates (UAE) and mine BTC.

1/2 #TKMC https://t.co/GHZnHOXZJu"
146,"RT @JacobBaime: 3/6: In the UAE, we were able to experience the modern and progressive side of the Arab world. The country's rapid developm‚Ä¶"
155,"üîî Thrilled to announce ""fundii Tech Day"" in Dubai on March 16th at DIFC Innovation Hub 

Deadline to apply is Feb. 28, 2023: https://t.co/fCHwLUxQco  or   https://t.co/dCOMPD5ZV8  

#startups #entreprener #tech #dubai #uae #demoday #startupfunding https://t.co/sLm3cCXTsK"
156,"Have you tried the gamification platform on our website?
Try it now!
https://t.co/f2Bkvzqlhm
_____
#IdentityCitizenshipCustomsAndPortSecurity #UAE_Innovates #UAE #Innovation https://t.co/bYkThpFyyd"
160,"We also expanded means of cooperation with leading local and international¬† entities.

@DHA_Dubai
@mohapuae
@malaffi

 #ŸÖÿπÿ±ÿ∂_ÿßŸÑÿµÿ≠ÿ©_ÿßŸÑÿπÿ±ÿ®Ÿä #ÿµÿ≠ÿ©_ÿßŸÑÿ•ŸÖÿßÿ±ÿßÿ™ #ÿßŸÑÿ±ÿπÿßŸäÿ©_ÿßŸÑÿµÿ≠Ÿäÿ©
#ÿßŸÑÿßÿ®ÿ™ŸÉÿßÿ± #ÿØÿ®Ÿä #ÿßŸÑÿ•ŸÖÿßÿ±ÿßÿ™ #ÿ£ÿ®Ÿàÿ∏ÿ®Ÿä
#ArabHealth #AH23 #UAEHealth #DoH #UAE #healthcare #innovation #Dubai #AbuDhabi"
164,"innovation and other areas.

#uae #dubai #education #qualityeducation #careerdevelopment #globaled #strategic #managment #masterdegree #highereducation #postgradlife #thesis #phdjourney  #mastersdegree
#innovation #public_policy"
165,"The launch of #UAE_Innovates at the National Science, Innovation and Technology Festival 2023, Brings together innovative events and activities. Watch the highlights, and stay tuned for more events and innovations!¬†
#UAE_Innovates https://t.co/2V7HC3RcbO"
167,#UAE innovation initiative in 2016 üëåüèª https://t.co/weVcz1R20W
168,"#BestBuys: 5 best immersion or handheld blenders in #UAE, for 2023

Space-saving and versatile, stick blenders work right on the stove for quick soups, sauces

https://t.co/POSaK3uNg7"
169,"The Official Portrait Of Sultan Al Neyadi, Ready In Full Astronaut Gear, Was Unveiled On Saturday, Showing Him Prepared For The UAE's Upcoming Significant Space Mission As Part Of SpaceX Crew-6.

https://t.co/7KDfWTijsx"
170,"RT @ankitatIIMA: üí•If UAE Airforce, Saudi Armed forces &amp; Iranian Navy can achieve interoperability ""bilaterally"" with Indian Forces under a‚Ä¶"
173,"I‚Äôm excited for your flight and I‚Äôm sure you will greatly represent the UAE üá¶üá™ &amp; humanity in space. @Astro_Alneyadi 
Go #Crew6 üöÄ"
175,"RT @Auth3MetaMirror: üì£üì£ Let‚Äôs give a BIG WELCOME to @CharmOrigins for joining MBuddy Ecosystem! üëèüëè
üî•9639 items landing on the #Ethereum blo‚Ä¶"
176,UAE announces more details on Emirati space mission set to blast off to ISS on February 26 https://t.co/B2F2fo03yd
177,"RT @rituparnasarm10: @NANDANPRATIM @G20Australia @CMOfficeAssam @mygovassam India UAE market Stability amidst #recession2023 ,G20 for more‚Ä¶"
179,"RT @uaespaceagency: Working together as one community, to reduce space threats and maintain the safety and sustainability of space activiti‚Ä¶"
181,"@NANDANPRATIM @G20Australia @CMOfficeAssam @mygovassam India UAE market Stability amidst #recession2023 ,G20 for more Scince Diplomacy,Trade Diplomacy,War Diplomacy,Space Diplomacy @IndiaG2O @pallavGJha1 @airnews_ghy @BhagawatiKr @cdeka678 @pramodsworld1 @anandmishraips @GopalJalan @RanjeetkrDass @gpsinghips @asdm_social @AjantaNeog https://t.co/2ToeFwww3k"
182,RT @byzantinologue: Derelict ice factory in the desert transformed into UAE newest contemporary art venue: https://t.co/0mjS76WI58 I first‚Ä¶
183,"Keeping your spaces empty will not be aesthetic, get our well-patched and used furniture to turn your space into a luxurious.

Call us!
üìû +971505325182 
Visit Al Thahani Today!
üî∏ https://t.co/RXgpfrpGAh

#furniture #panemirates #ikea #uae #abudhabi https://t.co/cKhGtCulVa"
185,"Derelict ice factory in the desert transformed into UAE newest contemporary art venue: https://t.co/0mjS76WI58 I first went to Kalba in 2016, during Sharjah biennial, long before it became this, @TomSeymour writes about the new future of the space, to be used permanently by SAF."
186,"The official portraits from SpaceX Crew-6
A source of national pride‚ù§Ô∏è

@Astro_Alneyadi 

#UAE #space #spacexcrew #dubai https://t.co/Zd3UAX8OIy"
187,New images show UAE's Sultan Al Neyadi in SpaceX astronaut suit  https://t.co/0WPmbrDbNx
188,RT @HSajwanization: UAE to the Space üá¶üá™ @Astro_Alneyadi @SpaceX https://t.co/c6Kb1CUwr2
189,@HSajwanization @Astro_Alneyadi UAE making space look good!
191,RT @ISSAboveYou: Night @Space_Station pass starting over Kuwait - heading down the west side of the Persian Gulf passing over parts of Saud‚Ä¶
192,"Home renovations are clearly exciting as they give your personal space a new life. Sadly, it will leave you with a lot of mess, dirt and dust.

https://t.co/gISrvJKaHS

#dubai #uae #dubaicleaning #dubaicleaners #dubaigeneralcleaning #dubaideepcleaning #sofacleaning #daycleaner https://t.co/o6G651nl6y"
194,Crew-6 official portraits donning space suites released! @DefSecME  read more on what @Astro_Alneyadi will be doing at the international space station later this month! https://t.co/icSjh8wN7n https://t.co/A5EYroCydv
195,"Proud to see the New photo of Crew-6 astronauts, including UAE's Sultan Al Neyadi  @ADSpaceDebate  

#UAE  #Space #Mission https://t.co/yaHziF4LfS"
196,RT @tbuythetruth: @uniofbrighton @Astro_Alneyadi @brightonalumni @NASAKennedy @Space_Station @SpaceX @uaespaceagency I don‚Äôt believe in #UA‚Ä¶
198,"Latest photo of Crew-6 featuring Astronaut Sultan AlNeyadi
#UAEAstronautProgramme #UAE #Space 
@Astro_Alneyadi 
@MBRSpaceCentre
@tdrauae 
@Astro_Woody 
@NASA https://t.co/t3Xl4FbU7M"
199,"Working together as one community, to reduce space threats and maintain the safety and sustainability of space activities is of the utmost importance to the UAE.

@UN 
@MoFAICUAE 
@UAEUNGENEVA https://t.co/pa2cyLWN1l"
201,@HSajwanization @Astro_Alneyadi Congratulations and respect to the UAE‚Äôs first astronaut in space @astro_hazzaa https://t.co/vGiZ0JFG0y
202,"Incredible to see the progress being made by the Crew-6 astronauts, including our very own Sultan Al Neyadi, as they undergo crucial tests at SpaceX headquarters in California! 
#Proud to see the #UAE represented in the pursuit of space exploration.
 #SpaceX #UAEAstronaut #Crew6 https://t.co/YAVFP42nzn"
204,"#UAE steps up for peaceful and responsible use of outer #space, by Arya Devi in @ITPdotnet https://t.co/XlvMEvoPEO #Satellites #Governance"
205,"@HSajwanization @elonmusk @SpaceX Glad to see Arab world interested in space. I know UAE had a mission to Mars, any other missions planed?"
206,"Efficiently Searching for the Perfect Bed Space in marina, Dubai

read more at : https://t.co/F3kW0APVLN

Bed space for executive bachelors at Dubai Al Nahda

Master Room SEA VIEW / Private Room Also

Villa Rooms For Families

Ready to move in master room with attached bathroom"
209,"UAE astronaut @Astro_Alneyadi wears his pressure suit in new SpaceX Crew-6 portraits, ahead of his flight to the International Space Station on February 26 üë®‚ÄçüöÄüöÄ https://t.co/nf3KOmrOtV"
211,"RT @wehrme_awake: Dear, Italy, Greece, Germany, Australia, Brazil, UAE,
Just curious, what would you do if a spy balloon was coasting over‚Ä¶"
212,UAE to the Space üá¶üá™ @Astro_Alneyadi @SpaceX https://t.co/c6Kb1CUwr2
213,New images show UAE's Sultan Al Neyadi in SpaceX astronaut suit https://t.co/t9FM1ypZTz https://t.co/INnbF5pei8
214,New images show UAE's Sultan Al Neyadi in SpaceX astronaut suit https://t.co/DUKeVIqLDz via @TheNationalNews
215,RT @Victortrades: @mannythehitman @Epayme_uae @Princesehgal01 @karanbhandari10 In Mkay we trust ‚úÖüíØ‚Ä¶‚Ä¶‚Ä¶‚Ä¶the next @cz_binance in crypto space‚Ä¶
216,"The factory, once used to store ice, is located in the southern outskirts of Kalba, an ancient city on Sharjah‚Äôs eastern coastline. Now, the Kalba Ice Factory has been transformed into the UAE's latest cultural institution.

https://t.co/lw9MEs3pJM"
220,"RT @strategy_int: We are discussing the continuing presence of humankind in space and the resultant innovations.

#space #artemis #jamesweb‚Ä¶"
227,Law &gt; Law of Azerbaijan &gt; Law of Afghanistan &gt; Hasan Akhund &gt; 055 Brigade &gt; Northern Alliance &gt; UAE &gt; Family law &gt; Contract &gt; Gross negligence &gt; Canadian tort law &gt; Strict liability &gt; Delict &gt; Latin &gt; Diodorus Siculus &gt; History &gt; Absolute space and time &gt; S2CID (identifier)
238,"üí•If UAE Airforce, Saudi Armed forces &amp; Iranian Navy can achieve interoperability ""bilaterally"" with Indian Forces under a joint Net Security Provision, 

üî•there is no space for an outside influence to play muck around the region.

üî•peace will cut out the HUGE Defence spending https://t.co/mVUmzUfYUL"
239,@MickyMick17 His team in the UAE league finishes its matches 10 days before the first Test. If they don‚Äôt progress to the playoffs then why not save a space for him?
240,"@RFOX_VALT metaverse is leading the way in development for the metaverse space. Great things to come, don‚Äôt miss out. $RFOX https://t.co/97l7WUmtnF"
241,RT @HSajwanization: BREAKING: UAE and Israel sign outer space program collaboration agreement. üá¶üá™üáÆüá±
242,"RT @ADSpaceDebate: The future of space exploration 

#ADSpaceDebate
#ADSD
#UAE_Space_Agency
@uaespaceagency https://t.co/euLaqbtPpk"
243,"RT @Superbit123: Tokenization of Economy in #UAE coming soon via #PundiX &amp; #ZelaaPayAE. Watch this space. 

#zpae #fdo #RealEstate #Firdaos‚Ä¶"
244,"RT @uaespaceagency: A United Arab Emirates delegation, led by H.E. Omran Sharaf, and members from the UAE Space Agency and @MOFAICUAE are p‚Ä¶"
246,"#ISS #EHDC view at night! One of fave views!üòçüëèüëáüëá
#Kuwait #PersianGolf #SaudiArabia #Bahrain #Qatar #UAE #ISSAbove https://t.co/i46Ioh6fQG"
247,RT @aservais1: Looking forward to visiting next week-Derelict ice factory in the desert transformed into UAE's newest contemporary art venu‚Ä¶
248,RT @TheArtNewspaper: It was once used to store ice. Now‚Äîin time for the Sharjah Biennale‚Äîthe Kalba Ice Factory has been transformed into th‚Ä¶
249,"RT @AviKaner: Space industry leaders from NASA, Europe, Morocco üá≤üá¶ and the UAE üá¶üá™ , are meeting in Tel Aviv, Israel üáÆüá± at the 18th annual I‚Ä¶"
251,"RT @UAE_Forsan: Salem Al Marri, Director-General of the Mohammed bin Rashid Space Centre, speaks about the first long-duration Arab astrona‚Ä¶"
252,"Looking forward to visiting next week-Derelict ice factory in the desert transformed into UAE's newest contemporary art venue. Opening in time for the Sharjah Biennial, the Kalba Ice Factory building boasts 20,000 sq. m üò≥exhibition space. By @TomSeymour https://t.co/0pG3WUDz6g"
253,"It was once used to store ice. Now‚Äîin time for the Sharjah Biennale‚Äîthe Kalba Ice Factory has been transformed into the UAE's latest cultural institution @sharjahart
https://t.co/SSROCvQWb5"
260,"Night @Space_Station pass starting over Kuwait - heading down the west side of the Persian Gulf passing over parts of Saudi Arabia, Bahrain, Qatar, and finally the UAE.  
Feb 3, 2023 19:06 AST https://t.co/Jv3h1nRZMV"
262,"UAE, Turkey, Space MoC update

Click here https://t.co/3xJsYR2HqI to know more

#UAE #Turkey #Aerospace #DefenseCompanies #UAESA #TUSAS #Defense https://t.co/X3IHUBg33Z"
263,"A factory built in the 1970s between the desert and the sea - to store ice - has been turned into the UAE's latest cultural institution for contemporary art. Just in time for the Sharjah Biennial, which looks fantastic this year. My report @TheArtNewspaper https://t.co/otfCv28jwV"
264,"#UAE: Inclusivity and equality essential. Reducing space threats requires cooperation and responsibility of all. Must draw threshold of responsible behaviour. Methodology to contribute and benefit from each other‚Äôs knowledge also important. 

#AccessForAll"
265,#UAE: constructive progress. Importance of equal access to space and the need to carry out activities with transparency/international practices. Commitment to peaceful use of outer space and long-term sustainability.
266,Derelict ice factory in the desert transformed into UAE's newest contemporary art venue https://t.co/yeaR1zb9Ix #Museums #MuseumsHeritage
267,Derelict ice factory in the desert transformed into UAE's newest contemporary art venue https://t.co/hkqkMbhHNv
268,"@jackf_g5 Lol the mental gymnastics in that tweet.
""If you were in UAE you would be executed, so shutup and don't talk"".

What democracy has the British monarch provided me? We are Australian, I didn't vote for the King and I can criticise him all I like"
269,"@RedAnton3 @Arkyismyname Imagine if you had the Crown Prince of UAE, the rest of us would be spared your opinion because you would be put in jail for saying it.

Have some respect for the institution that has allowed you freedom of speech."
270,"Long-distance wireless communication is getting popular with the development of wireless technology. 

#TabbaraElectronics #Lamatel #antenna #baseantenna #digitaltransformation #ethernetcable #ethernet #telecommunication #canada #uae #middleeast
#ŸÖŸÑÿ™ÿ≤ŸÖŸàŸÜ_ŸäÿßŸàÿ∑ŸÜ
#ŸÜÿ™ÿµÿØÿ±_ÿßŸÑŸÖÿ¥ŸáÿØ https://t.co/7alokKz0RM"
271,"üì£Pakistani military electronics distributor Rapidev is hoping to make a splash on the UAE's stand at the IDEX trade fair in Abu Dhabi this month, where it will be marketing unbranded technology from Pakistan's National Radio &amp; Telecommunication Corp. https://t.co/caoaJ9F8Np"
272,"Get TRA type approval to sell telecommunication and radio equipment in UAE market with ease! 

DM us for FREE consultation.
Contact us: 1800121410410

#jrcompliance #jrcomplianceandtestinglabs #customerservice #customersatisfaction #customervalue #uaecertification #traapproval https://t.co/877L62kvO8"
273,"@YahClick Signs a Six-Year Strategic Partnership Agreement with Canar Telecommunication (@CanarTelecom), by Deborah Faboade in @spaceinafrica1 https://t.co/7wVPTkqWdV #Satellites #SATCOM #Sudan #UAE"
274,"If you are looking for a high-quality Base antenna that provides an efficient communications service, then choosing this lamatel Base antenna is the wisest thing to do

#TabbaraElectronics #Lamatel #antenna #baseantenna #telecommunication #uae 
#ŸÖŸÑÿ™ÿ≤ŸÖŸàŸÜ_ŸäÿßŸàÿ∑ŸÜ
#ŸÜÿ™ÿµÿØÿ±_ÿßŸÑŸÖÿ¥ŸáÿØ https://t.co/QPs48osoGa"
275,"Position: Sales Executives
Date posted: 2023-01-28
Industry: Telecommunication
Employment type: Full Time
Experience: 2 to 3 year
Qualification: Bachelor‚Äôs Degree holder
Salary: AED 4000 to 7000
Location: Abu Dhabi, United Arab Emirates
APPLY HERE  
https://t.co/xSSYK0oWZ2"
276,"The blue fiberglass antenna series consists of base-matched half-wave antennas 

#TabbaraElectronics  #Lamatel #antenna #baseantenna #digitaltransformation #ethernetcable #ethernet #business #telecommunication #canada #uae #middleeast 
#ŸÖŸÑÿ™ÿ≤ŸÖŸàŸÜ_ŸäÿßŸàÿ∑ŸÜ
#ŸÜÿ™ÿµÿØÿ±_ÿßŸÑŸÖÿ¥ŸáÿØ https://t.co/2V8TUn5IEv"
277,"EVENT OCTOBER 2023 - STAY TUNED
@GITEX_GLOBAL GITEX GLOBAL
Get Bold. Rise up to the Phenomenon.
16-20 October 2023, Dubai World Trade Centre. #GITEXGLOBAL #getbold
Dubai, UAE https://t.co/qsDMtVM5rO https://t.co/WG8hxDnKqY"
278,"RT @UnitreeRobotics: We are pleased to announce that a couple of Unitree robot dogs will be at GITEX
@GITEX_GLOBAL @AIEverything1
 for live‚Ä¶"
279,"RT @piecex_com: PieceX in GITEX!

We would like to announce that we will be attending GITEX 2022 in Dubai to present PieceX, the first AI-P‚Ä¶"
280,"RT @piecex_com: 1 week left for GITEX!

Don't forget to pass by to get special promotions and discuss business with us!

#PieceX
#GITEX
#De‚Ä¶"
281,"RT @piecex_com: Meet Our Speakers!

From all across the world, our diverse team will be at GITEX to present PieceX! Feel free to come and d‚Ä¶"
282,"RT @piecex_com: 3 Days To Go!

Are you ready as we are? Looking forward to meeting all of you at the North Star!

#PieceX
#GITEX
#DevSlam
#‚Ä¶"
283,"RT @piecex_com: 2 Days Left!

We would like to invite you to visit our booth for special promotions, potential business, and exciting merch‚Ä¶"
284,"RT @piecex_com: GITEX is here!

We will be at Za'abeel Hall 6, Stand Z6-F556 tomorrow starting 10 AM. 

Our team is looking forward to meet‚Ä¶"
285,"RT @piecex_com: We are here!

Come visit us now at Za'abeel Hall 6, Stand: Z6-F556 and get special promotions!

#PieceX
#GITEX
#DevSlam
#UA‚Ä¶"
286,"RT @piecex_com: From Japan to the World!

PieceX is  presenting at GITEX UAE in the Japan Pavilion, North Star!

#PieceX
#GITEX
#DevSlam
#U‚Ä¶"
287,"RT @piecex_com: Our team is working hard!

Members of our PieceX team are working hard on GITEX 2022!

Come by tomorrow and let's talk busi‚Ä¶"
288,"RT @piecex_com: Day 2 of GITEX Global!

Got a few more surprises for you today, so don't hesitate to come by!

#PieceX
#GITEX
#DevSlam
#UAE‚Ä¶"
289,"RT @piecex_com: PieceX just presented at the Supernova Pitch Challenge Semi Finals!

We are proud to participate among the top AI innovatio‚Ä¶"
290,"RT @piecex_com: We are happy to attend the official Ministry of Economy conference!

It is our pleasure to be part of the exclusive communi‚Ä¶"
291,"RT @piecex_com: We made it!

We are proud to announce that we are now finalist at the supernova startup competition!!

Come and watch our p‚Ä¶"
292,"RT @piecex_com: A snippet of our team members working hard at GITEX!

It was a great pleasure to meet other startups and visitors and we ar‚Ä¶"
293,"RT @piecex_com: We would love to signify the end of our appearance at the J-Startup Hub at the Japan Pavilion in GITEX!

Thank you all for‚Ä¶"
294,"RT @_AhmedQuraishi: From oil to Artifical Intelligence: The #UAE opened a new pipeline this week. But instead of oil, out came fresh gradua‚Ä¶"
297,"From oil to Artifical Intelligence: The #UAE opened a new pipeline this week. But instead of oil, out came fresh graduates from the world's first dedicated artificial intelligence research university.

https://t.co/Fd8WFfbPdJ"
298,"""Insilico Medicine"", a clinical-stage AI-driven drug discovery company announced the opening of Insilico Medicine Generative Artificial Intelligence and #QuantumComputing Research and Development Centre in #AbuDhabi, the region's largest AI-powered research facility. #UAE"
304,"RT @ScholarshipBuc1: Mohamed bin Zayed University of Artificial Intelligence Offers Full Scholarships for Masters &amp; PhD Programs in UAE.
ht‚Ä¶"
305,"Check out our latest blog on the top 10 Artificial Intelligence companies in UAE. Discover the companies leading the way in AI innovation in the region.

Link: https://t.co/7QPae7euFm

#AITechnology #AIcompanies #AIappdevelopment #aiappdevelopmentcompany https://t.co/mJLe0h242c"
306,UAE Presents Blockchain and AI Initiatives Following Annual Government Meeting . The UAE has announced two initiatives pertaining to blockchain and artificial intelligence in a bid to become a leading country in the new technologies.
307,"World's first #AI #university, Mohamed bin Zayed University of Artificial Intelligence honors inaugural graduates. Master's graduates in computer vision and machine learning collect degrees in historic #UAE ceremony. https://t.co/Vn4E10FNy6"
308,Arab Health: Artificial Intelligence &amp;#x27;will take over routine check-ups&amp;#x27; https://t.co/0zMJQcN0Qc #ai #ml #dl
309,"As for me, spending on big data analytics is projected to grow 11.4 percent year-on-year to more than $4.1 billion, while artificial intelligence spending is seen to grow more than 16 percent to about $8 billion

 #UAE #digitalisation #Africa #MiddleEast #D33 https://t.co/FlGEtebOwh"
310,UAE lunar rover will test 1st artificial intelligence on the moon | Space https://t.co/zp3lh9H7py via @spacedotcom
311,"RT @dctabudhabi: MAKTABA, part of DCT Abu Dhabi, will be hosting a variety of interesting events and workshops as part of the UAE Innovatio‚Ä¶"
312,"MAKTABA, part of DCT Abu Dhabi, will be hosting a variety of interesting events and workshops as part of the UAE Innovation Month (UAE Innovates 2023). The programme covers a wide range of topics, including technology, science, programming, robotics, and artificial intelligence. https://t.co/1a5pVFOx4w"
313,"RT @InvestNI_IMEA: #Artificialintelligence will take over routine check-ups, @AlanKennedyTJ, founder of @PulseAi, a #northernireland compan‚Ä¶"
315,"""We need to hold back the global rise in temperatures to 1.5 degrees, without slowing economic growth,"" he told a graduation ceremony at the Mohamed Bin Zayed University of Artificial Intelligence. #UAE

https://t.co/ZnLHai2Ljt"
316,"#Artificialintelligence will take over routine check-ups, @AlanKennedyTJ, founder of @PulseAi, a #northernireland company, speaks to @TheNationalNews

To read the full article:
https://t.co/xtK1Q9iXsZ"
317,"10th International Conference on Artificial Intelligence and Applications (AIAP 2023)¬†
February 18 ~ 19, 2023, Dubai, UAE¬†
https://t.co/7ISbstvMF6
Submission Deadline : February 04, 2023(Final Call)¬†
Submission System URL: https://t.co/gPTbsmnKNg¬†
Contact Us: aiap@ccseit2023.org https://t.co/xKJde5Sfxg"
318,#UAE lunar rover will test 1st artificial intelligence on the #moon | Space https://t.co/8xetEKTafI
319,RT @TheNationalNews: Arab Health: Artificial Intelligence 'will take over routine check-ups' https://t.co/eWSTACfUc2
320,Arab Health: Artificial Intelligence 'will take over routine check-ups' https://t.co/eWSTACfUc2
321,"üõ∞Ô∏è UAE lunar rover will test 1st artificial intelligence on the moon with Canada
üîóhttps://t.co/MyRk7GyGz4
@aivancityschool #ArtificialIntelligence #AI #Innovation #Automation #tech #technologies https://t.co/0WgVnwHhRt"
322,RT @Dawnbreaker: UAE lunar rover will test 1st artificial intelligence on the moon with Canada https://t.co/Rcs3O3prP2
323,UAE lunar rover will test 1st artificial intelligence on the moon with Canada https://t.co/Rcs3O3prP2
324,RT @SuriyaSubraman: Arab Health: Artificial Intelligence 'will take over routine check-ups' - The National: Arab Health: Artificial Intelli‚Ä¶
325,Arab Health: Artificial Intelligence 'will take over routine check-ups' - The National: Arab Health: Artificial Intelligence 'will take over routine check-ups'¬†¬†The National https://t.co/iW8MN90uED #AI #artificialintelligence #Finperform https://t.co/GvMoRpUOnf
326,Arab Health: Artificial Intelligence 'will take over routine check-ups' - The National https://t.co/YVsoNsmPms
327,Arab Health: Artificial Intelligence 'will take over routine check-ups' https://t.co/4yluxSlgOw https://t.co/23qqyvIeiz
328,"Call for Articles..!!!
10th International Conference on Artificial Intelligence and Applications (AIAP 2023)
February 18 ~ 19, 2023, Dubai, UAE
https://t.co/1VnXe7APFL
Submission Deadline : February 08, 2023(Final Call)
Contact Us: aiap@ccseit2023.org or aiap_conf@yahoo.com https://t.co/QkC7jwwZYV"
329,"RT @andresvilarino: #UAE #lunarRover #Rashid to test #ArtificialIntelligence system on Moon for 1st time

#AI #ML #MachineLearning #DeepLea‚Ä¶"
330,"RT @admediaoffice: Dr Sultan Al Jaber, Minister of Industry and Advanced Technology, Omar Sultan Al Olama, UAE Minister of State for Artifi‚Ä¶"
331,"Dr Sultan Al Jaber, Minister of Industry and Advanced Technology, Omar Sultan Al Olama, UAE Minister of State for Artificial Intelligence, Digital Economy and Remote Work Applications, and @MBZUAI President Eric Xing, have praised the first cohort of MBZUAI graduates."
332,"The White House is launching a partnership with India that President Joe Biden hopes will help the countries compete against China on military equipment, semiconductors and artificial intelligence.
https://t.co/FlvWBMsawm https://t.co/eeUeZibfPu #UAE #Dubai #DXB"
333,"RT @WorldEchoNews: The first batch of students from Abu Dhabi graduated from the world‚Äôs first graduate research university in AI, Mohamed‚Ä¶"
334,"Abu Dhabi-based MBZUAI (Mohamed bin Zayed University of Artificial Intelligence) has issued graduate degrees to 52 students from 24 countries in the key AI fields of computer vision and machine learning.

#Broadcast #Abudhabi #ZayedUniversity #University #CryptoNews #Dubai #UAE https://t.co/4DnM0m5KYz"
335,RT @SPACEdotcom: UAE lunar rover will test 1st artificial intelligence on the moon with Canada https://t.co/tQJS7ynMBp https://t.co/8q5mArl‚Ä¶
336,UAE lunar rover will test 1st artificial intelligence on the moon with Canada https://t.co/T0ZxaLWHHf
337,RT @meem__9901: Mohamed bin Zayed University of Artificial Intelligence had its inaugural cohort graduation ceremony in presence of Theyab‚Ä¶
338,"Mohamed bin Zayed University of Artificial Intelligence had its inaugural cohort graduation ceremony in presence of Theyab bin Zayed, with 52 students from 24 countries, including 8 #UAE Nationals, getting postgraduate diplomas in #AI areas as computer #vision &amp; machine learning."
339,"RT @syedRes78322802: For The Exploration Of The Futuristic Approaches, Uae Has Employed The Advanced Technology

#business #automation #tec‚Ä¶"
340,"AI always has been a boon when it comes to sustaining current market competition and growth of the mobile app development industry.

https://t.co/p0QzKAuY0A

#AIMobileAppDev #AIinMobileApps #MobileAI #ai #automation  #nlp #content #ArtificialIntelligenceApps #SmartMobileApps https://t.co/vYb6RWTHxO"
342,"Omar bin Sultan Al Olama, Minister of State for Artificial Intelligence, Digital Economy, and Remote Work Applications, said that the UAE is leading a proactive future in driving digital transformation!

Read more: https://t.co/SMvkXgOdp3"
343,RT @HaithamAbdul32: Mohamed bin Zayed University of Artificial Intelligence had its inaugural cohort graduation ceremony in presence of The‚Ä¶
346,RT @Salma96887925: Mohamed bin Zayed University of Artificial Intelligence had its inaugural cohort graduation ceremony in presence of They‚Ä¶
348,"RT @IJCI4: Call for Articles..!!!¬†
10th International Conference on Artificial Intelligence and Applications (AIAP 2023)¬†
February 18 ~ 19,‚Ä¶"
349,"Call for Articles..!!!¬†
10th International Conference on Artificial Intelligence and Applications (AIAP 2023)¬†
February 18 ~ 19, 2023, Dubai, UAE¬†
https://t.co/2YxldhKHlr¬†¬†
Submission System URL : https://t.co/vpoV1u7C37¬†
Contact Us: aiap_conf@yahoo.com¬†
#artificialintelligence https://t.co/UASAjY95hd"
350,"The first batch of students from Abu Dhabi graduated from the world‚Äôs first graduate research university in AI, Mohamed bin Zayed University of Artificial Intelligence (MBZUAI).

#AI #UAE #ArtificialIntelligence 
https://t.co/JjyRipXwpi"
351,"RT @khaleejtimes: #UAE: The inaugural graduation ceremony of the Mohamed bin Zayed University of Artificial Intelligence (@mbzuai ), saw 52‚Ä¶"
352,"Most tweeted articles today in Computer Vision:
- UAE: 52 students become first graduates of Mohamed bin Zayed University for Artificial Intelligence, #AI #ArtificialIntelligence
Read all new articles on: https://t.co/9Zxi644ZyJ ,
    https://t.co/QchZHutmHh"
353,"RT @mansukhmandviya: Met @OmarSAlolama, Minister of State for Artificial Intelligence, UAE, on the sidelines of #WEF23 Davos.

We extensive‚Ä¶"
354,"RT @gulf_news: UAE: 52 students become first graduates of MBZUAI 

Inaugural ceremony saw bestowing of master‚Äôs degrees in computer vision,‚Ä¶"
356,"#UAE: The inaugural graduation ceremony of the Mohamed bin Zayed University of Artificial Intelligence (@mbzuai ), saw 52 students from 24 countries, including 8 Emiratis, bag postgraduate degrees in computer vision and machine learning.

https://t.co/GpVsui1YIr https://t.co/zgVYeb0S3x"
357,UAE lunar rover will test 1st artificial intelligence on the moon with Canada https://t.co/FQrC0sMyXf
358,"UAE lunar rover will test 1st artificial intelligence on the moon with Canada 
#stem #stemeducation 
not @NASA 

https://t.co/9gQv2qy23q"
359,UAE lunar rover will test 1st artificial intelligence on the moon with Canada https://t.co/W202EJaV0h
360,RT @Parsec44: UAE lunar rover will test 1st artificial intelligence on the moon with Canada https://t.co/whibYBXQ0g
361,RT @leghorn1357: UAE lunar rover will test 1st artificial intelligence on the moon with Canada https://t.co/8Vt2PjRPjT
362,UAE lunar rover will test 1st artificial intelligence on the moon with Canada https://t.co/8Vt2PjRPjT
364,UAE lunar rover will test 1st artificial intelligence on the moon with Canada https://t.co/F54M8IdKfx.
365,RT @aleeharissi: Big day for the UAE and @mbzuai (Mohamed Bin Zayed University of Artificial Intelligence) with the inaugural commencement‚Ä¶
366,UAE lunar rover will test 1st artificial intelligence on the moon with Canada https://t.co/whibYBXQ0g
367,"‚ÄúArtificial intelligence (AI)-powered marketplace is the new buzzword in Dubai‚Äôs red hot real estate market "" @ Arabian Business

üéØ https://t.co/ishOoGQTL0

#buywithclever
#datascience
#AI #machinelearning
#realestate #Dubairealestate
#UAE #KSA #Dubai #investment https://t.co/Yzn18mEtsW"
368,#UAE: 52 students become first graduates of Mohamed bin Zayed University for Artificial Intelligence. https://t.co/lsl2kWWFI9 #AI #education #skills
369,"Mohamed bin Zayed University in #UAE graduates its first #AI cohort
#digitaltransformation https://t.co/VfTux5Z7KK"
370,"UAE #lunar rover will test 1st artificial intelligence on the #moon with Canada, by Elizabeth Howell (@howellspace) in @SPACEdotcom https://t.co/NcbsL9nxGM #Lunapolitics #Canada #UAE"
371,"UAE: 52 students become first graduates of MBZUAI 

Inaugural ceremony saw bestowing of master‚Äôs degrees in computer vision, machine learning

https://t.co/bFg3BIjli0"
372,RT @BrettGouldDX: Artificial Intelligence is going to the moon! Here's how the UAE lunar rover will be utilizing AI on its mission this spr‚Ä¶
373,"RT @TheGidzPress: As it became known, the Rashid lunar rover, launched in December, developed in the UAE, will deliver an artificial intell‚Ä¶"
374,"As it became known, the Rashid lunar rover, launched in December, developed in the UAE, will deliver an artificial intelligence system to the moon. https://t.co/wov9H2KQhj"
375,UAE lunar rover will test 1st artificial intelligence on the moon with Canada https://t.co/eov7DVs98b https://t.co/1cuySKy0Cv
376,"UAE lunar rover will test 1st artificial intelligence on the moon with ... - https://t.co/eTRhVZ2ORu

Read more here: https://t.co/H0GWiqoofu

#ArtificialIntelligence #AI #DataScience #100DaysOfCode #Python #MachineLearning #BigData #DeepLearning #NLP #Robots #IoT"
377,"#News: Virtual employee Rammas responds to over 6.8million enquiries in a 6-year period.

@DEWAOfficial 

Read more: https://t.co/4QKA3PrAyF

#LetsBrewIt #BrewIt #TheBrewNews #UAE #Dubai #DEWA #AI #artificial #intelligence #enquires #ai #virtualemployee"
378,UAE lunar rover will test 1st artificial intelligence on the moon with ... - https://t.co/JJ03G4fEHF https://t.co/qPV6ACbMMz #Houston #ArtificialIntelligence #AI
379,Big day for the UAE and @mbzuai (Mohamed Bin Zayed University of Artificial Intelligence) with the inaugural commencement https://t.co/PEbRO58BQw
380,RT @IntellFactory: Artificial Intelligence is going to the moon! Here's how the UAE lunar rover will be utilizing AI on its mission this sp‚Ä¶
382,RT @mlamons1: Artificial Intelligence is going to the moon! Here's how the UAE lunar rover will be utilizing AI on its mission this spring.‚Ä¶
383,"https://t.co/FcO4Zx0fxy: UAE lunar rover will test 1st artificial intelligence on the moon with Canada.
https://t.co/zHeKe2Qb4v"
384,UAE lunar rover will test 1st artificial intelligence on the moon with Canada https://t.co/0k5kcaC7eN
385,UAE's Lunar Rover Will Use Artificial Intelligence for Moon Exploration - Great Lakes Ledger https://t.co/hbemeM2bKx #ai #ml #dl
386,"Speaking at the conferences hosted on the sidelines of the Intersec 2023 exhibition, Dr Mohamed Hamad Al Kuwaiti, head of the Cyber Security Council of the UAE Government, said artificial intelligence could also expose people to cyber threats!!"
388,UAE lunar rover will test 1st artificial intelligence on the moon with Canada https://t.co/Y4eqkj2Avi
389,"Artificial Intelligence is going to the moon! Here's how the UAE lunar rover will be utilizing AI on its mission this spring.

#AI #ML #futurism #IntelligenceFactory #digitaltransformation #DX

https://t.co/MawMkyKPHZ"
390,"Artificial Intelligence is going to the moon! Here's how the UAE lunar rover will be utilizing AI on its mission this spring.

#AI #ML #futurism #IntelligenceFactory #digitaltransformation #DX

https://t.co/1p0xZ2fdcb"
391,"Artificial Intelligence is going to the moon! Here's how the UAE lunar rover will be utilizing AI on its mission this spring.

#AI #ML #futurism #IntelligenceFactory #digitaltransformation #DX

https://t.co/hIMjtBdb6i"
392,UAE's Lunar Rover Will Use Artificial Intelligence for Moon Exploration - Great Lakes Ledger
393,"UAE lunar rover will test 1st #artificialintelligence on the moon with Canada
#space #spacetech #ai https://t.co/w2sorz1enq"
